id,category_id,product_type,product_name,purchase_price,retail_price,wholesale_price,min_stock,tracking_mode,active,created_at,updated_at
54,1,Curd,Curd 1kg,91.66,100.00,97.00,0,PERIODIC,true,2026-08-04 03:01:54.053811,2026-08-04 03:01:54.053811
2,1,Milk,STD,31.25,35.00,34.00,0,DAILY,true,2026-08-03 08:40:25.426546,2026-08-04 02:57:32.849
3,1,Milk,Milk 200ml,8.63,10.00,9.50,0,DAILY,true,2026-08-03 08:40:25.426546,2026-08-04 02:56:50.114
5,1,Curd,Curd 500ml,33.50,38.00,36.00,0,DAILY,true,2026-08-03 08:40:25.426546,2026-08-04 02:54:46.11
9,1,Lassi,Lassi,8.00,10.00,9.00,0,DAILY,true,2026-08-03 08:40:25.426546,2026-08-04 02:56:27.699
4,1,Curd,Curd 200ml,8.50,10.00,9.50,0,DAILY,true,2026-08-03 08:40:25.426546,2026-08-04 02:54:12.839
7,1,Curd,Curd 10L,610.00,660.00,650.00,0,DAILY,true,2026-08-03 08:40:25.426546,2026-08-04 02:53:21.741
1,1,Milk,FCM,37.08,40.00,39.00,0,DAILY,true,2026-08-03 08:40:25.426546,2026-08-04 02:55:50.231
8,1,Butter Milk,Butter Milk,6.70,10.00,9.00,0,DAILY,true,2026-08-03 08:40:25.426546,2026-08-04 02:53:00.86
6,1,Curd,Curd 5L,310.00,340.00,330.00,0,DAILY,true,2026-08-03 08:40:25.426546,2026-08-04 02:55:09.113
20,2,Cup,Cup 20,0.00,0.00,0.00,0,PERIODIC,true,2026-08-03 08:46:29.259489,2026-08-03 08:46:29.259489
21,2,Cup,Cup 40,0.00,0.00,0.00,0,PERIODIC,true,2026-08-03 08:46:29.259489,2026-08-03 08:46:29.259489
22,2,Cup,Cup 50,0.00,0.00,0.00,0,PERIODIC,true,2026-08-03 08:46:29.259489,2026-08-03 08:46:29.259489
23,2,Small Cone,Vanilla,0.00,0.00,0.00,0,PERIODIC,true,2026-08-03 08:46:29.259489,2026-08-03 08:46:29.259489
24,2,Small Cone,Chocolate,0.00,0.00,0.00,0,PERIODIC,true,2026-08-03 08:46:29.259489,2026-08-03 08:46:29.259489
25,2,Small Cone,Butter Scotch,0.00,0.00,0.00,0,PERIODIC,true,2026-08-03 08:46:29.259489,2026-08-03 08:46:29.259489
26,2,Small Cone,Strawberry,0.00,0.00,0.00,0,PERIODIC,true,2026-08-03 08:46:29.259489,2026-08-03 08:46:29.259489
27,2,Small Cone,Black Current,0.00,0.00,0.00,0,PERIODIC,true,2026-08-03 08:46:29.259489,2026-08-03 08:46:29.259489
28,2,Small Cone,Pista,0.00,0.00,0.00,0,PERIODIC,true,2026-08-03 08:46:29.259489,2026-08-03 08:46:29.259489
29,2,Big Cone,Vanilla,0.00,0.00,0.00,0,PERIODIC,true,2026-08-03 08:46:29.259489,2026-08-03 08:46:29.259489
30,2,Big Cone,Chocolate,0.00,0.00,0.00,0,PERIODIC,true,2026-08-03 08:46:29.259489,2026-08-03 08:46:29.259489
31,2,Big Cone,Butter Scotch,0.00,0.00,0.00,0,PERIODIC,true,2026-08-03 08:46:29.259489,2026-08-03 08:46:29.259489
32,2,Big Cone,Strawberry,0.00,0.00,0.00,0,PERIODIC,true,2026-08-03 08:46:29.259489,2026-08-03 08:46:29.259489
33,2,Big Cone,Black Current,0.00,0.00,0.00,0,PERIODIC,true,2026-08-03 08:46:29.259489,2026-08-03 08:46:29.259489
34,2,1+1 Family Pack,Vanilla,0.00,0.00,0.00,0,PERIODIC,true,2026-08-03 08:46:29.259489,2026-08-03 08:46:29.259489
35,2,1+1 Family Pack,Chocolate,0.00,0.00,0.00,0,PERIODIC,true,2026-08-03 08:46:29.259489,2026-08-03 08:46:29.259489
36,2,1+1 Family Pack,Black Current,0.00,0.00,0.00,0,PERIODIC,true,2026-08-03 08:46:29.259489,2026-08-03 08:46:29.259489
37,2,1+1 Family Pack,Anjeera Badam,0.00,0.00,0.00,0,PERIODIC,true,2026-08-03 08:46:29.259489,2026-08-03 08:46:29.259489
38,2,1+1 Family Pack,Strawberry,0.00,0.00,0.00,0,PERIODIC,true,2026-08-03 08:46:29.259489,2026-08-03 08:46:29.259489
39,2,Family Pack,Vanilla,0.00,0.00,0.00,0,PERIODIC,true,2026-08-03 08:46:29.259489,2026-08-03 08:46:29.259489
40,2,Family Pack,Chocolate,0.00,0.00,0.00,0,PERIODIC,true,2026-08-03 08:46:29.259489,2026-08-03 08:46:29.259489
41,2,Family Pack,Butter Scotch,0.00,0.00,0.00,0,PERIODIC,true,2026-08-03 08:46:29.259489,2026-08-03 08:46:29.259489
42,2,Family Pack,Anjeera,0.00,0.00,0.00,0,PERIODIC,true,2026-08-03 08:46:29.259489,2026-08-03 08:46:29.259489
10,2,Ice Bar,Choco Bar,0.00,0.00,0.00,0,PERIODIC,true,2026-08-03 08:46:29.259489,2026-08-03 08:46:29.259489
44,2,Family Pack,Caramel,0.00,0.00,0.00,0,PERIODIC,true,2026-08-03 08:46:29.259489,2026-08-03 08:46:29.259489
43,2,Family Pack,Rajbog,0.00,0.00,0.00,0,PERIODIC,true,2026-08-03 08:46:29.259489,2026-08-03 08:46:29.259489
11,2,Ice Bar,Mango Ice,0.00,0.00,0.00,0,PERIODIC,true,2026-08-03 08:46:29.259489,2026-08-03 08:46:29.259489
12,2,Ice Bar,Grape Ice,0.00,0.00,0.00,0,PERIODIC,true,2026-08-03 08:46:29.259489,2026-08-03 08:46:29.259489
13,2,Ice Bar,Orange Ice,0.00,0.00,0.00,0,PERIODIC,true,2026-08-03 08:46:29.259489,2026-08-03 08:46:29.259489
14,2,Kulfi,Kulfi,0.00,0.00,0.00,0,PERIODIC,true,2026-08-03 08:46:29.259489,2026-08-03 08:46:29.259489
15,2,Kulfi,Matka Kulfi,0.00,0.00,0.00,0,PERIODIC,true,2026-08-03 08:46:29.259489,2026-08-03 08:46:29.259489
16,2,Kulfi,Ripples,0.00,0.00,0.00,0,PERIODIC,true,2026-08-03 08:46:29.259489,2026-08-03 08:46:29.259489
17,2,Kulfi,Swinger,0.00,0.00,0.00,0,PERIODIC,true,2026-08-03 08:46:29.259489,2026-08-03 08:46:29.259489
18,2,Kulfi,Magic,0.00,0.00,0.00,0,PERIODIC,true,2026-08-03 08:46:29.259489,2026-08-03 08:46:29.259489
19,2,Cup,Cup 10,0.00,0.00,0.00,0,PERIODIC,true,2026-08-03 08:46:29.259489,2026-08-03 08:46:29.259489
45,3,Campa Cola,Campa Cola 250ml,0.00,0.00,0.00,0,PERIODIC,true,2026-08-03 08:46:50.229251,2026-08-03 08:46:50.229251
47,3,Campa Cola,Campa Cola 1L,0.00,0.00,0.00,0,PERIODIC,true,2026-08-03 08:46:50.229251,2026-08-03 08:46:50.229251
46,3,Campa Cola,Campa Cola 500ml,0.00,0.00,0.00,0,PERIODIC,true,2026-08-03 08:46:50.229251,2026-08-03 08:46:50.229251
51,3,Campa Lemon,Campa Lemon 500ml,0.00,0.00,0.00,0,PERIODIC,true,2026-08-03 08:46:50.229251,2026-08-03 08:46:50.229251
50,3,Campa Lemon,Campa Lemon 250ml,0.00,0.00,0.00,0,PERIODIC,true,2026-08-03 08:46:50.229251,2026-08-03 08:46:50.229251
49,3,Campa Orange,Campa Orange 500ml,0.00,0.00,0.00,0,PERIODIC,true,2026-08-03 08:46:50.229251,2026-08-03 08:46:50.229251
48,3,Campa Orange,Campa Orange 250ml,0.00,0.00,0.00,0,PERIODIC,true,2026-08-03 08:46:50.229251,2026-08-03 08:46:50.229251
52,4,Chapathi,Chapathi Pack,0.00,0.00,0.00,0,DAILY,true,2026-08-03 08:47:03.216384,2026-08-03 08:47:03.216384
53,4,Poori,Poori Pack,0.00,0.00,0.00,0,DAILY,true,2026-08-03 08:47:03.216384,2026-08-03 08:47:03.216384